activity,adm3_pcode,ward,individuals_sum,individuals_max,population,affected,sum_pc_population,max_pc_population
Child Protection : Distributing baby packs for the health and safety of infants,NP0328301,2,212,78,5303,1,0.03997737129926457,0.014708655478031303
Child Protection : Distributing baby packs for the health and safety of infants,NP0328301,4,71,71,7076,1,0.01003391746749576,0.01003391746749576
Child Protection : Distribution of recreational kits,NP0328301,1,20,20,2951,1,0.006777363605557438,0.006777363605557438
Child Protection : Distribution of recreational kits,NP0328301,2,161,45,5303,1,0.03036017348670564,0.00848576277578729
Child Protection : Distribution of recreational kits,NP0328301,6,42,42,3996,1,0.010510510510510511,0.010510510510510511
Child Protection : Distribution of recreational kits,NP0328301,9,20,20,7591,1,0.0026346989856408905,0.0026346989856408905
Child Protection : Distribution of recreational kits,NP0328301,12,20,20,3603,1,0.005550929780738274,0.005550929780738274
Child Protection : Distribution of recreational kits,NP0328302,7,33,33,4530,1,0.00728476821192053,0.00728476821192053
Child Protection : Distribution of recreational kits,NP0328403,2,0,0,2020,1,0,0
Child Protection : Distribution of recreational kits,NP0330407,2,287,287,3589,NA,0.07996656450264698,0.07996656450264698
Child Protection : Distribution of recreational kits,NP0330407,7,791,415,3731,1,0.21200750469043153,0.1112302331814527
Child Protection : Distribution of recreational kits,NP0330409,2,80,80,4076,1,0.019627085377821395,0.019627085377821395
Child Protection : Distribution of winterization Kits to children,NP0328301,2,25,25,5303,1,0.004714312653215161,0.004714312653215161
Child Protection : Distribution of winterization Kits to children,NP0328301,3,0,0,4860,1,0,0
Child Protection : Distribution of winterization Kits to children,NP0329402,6,0,0,3099,1,0,0
Child Protection : Distribution of winterization Kits to children,NP0329403,5,0,0,2836,1,0,0
Child Protection : Distribution of winterization Kits to children,NP0329404,3,0,0,1665,NA,0,0
Child Protection : Establishment of child friendly spaces,NP0328301,1,71,71,2951,1,0.024059640799728905,0.024059640799728905
Child Protection : Establishment of child friendly spaces,NP0328301,2,275,96,5303,1,0.051857439185366776,0.01810296058834622
Child Protection : Establishment of child friendly spaces,NP0328301,3,40,40,4860,1,0.00823045267489712,0.00823045267489712
Child Protection : Establishment of child friendly spaces,NP0328301,4,97,57,7076,1,0.013708309779536462,0.008055398530243075
Child Protection : Establishment of child friendly spaces,NP0328301,5,243,105,6280,1,0.038694267515923565,0.016719745222929936
Child Protection : Establishment of child friendly spaces,NP0328301,8,91,52,3873,1,0.023495997934417763,0.013426284533953009
Child Protection : Establishment of child friendly spaces,NP0328301,9,60,60,7591,1,0.007904096956922672,0.007904096956922672
Child Protection : Establishment of child friendly spaces,NP0328301,10,95,65,3433,1,0.02767258957180309,0.01893387707544422
Child Protection : Establishment of child friendly spaces,NP0328302,7,73,40,4530,1,0.016114790286975718,0.008830022075055188
Child Protection : Establishment of child friendly spaces,NP0328302,8,30,30,2817,1,0.010649627263045794,0.010649627263045794
Child Protection : Establishment of child friendly spaces,NP0328403,2,0,0,2020,1,0,0
Child Protection : Establishment of child friendly spaces,NP0328403,4,92,46,2157,1,0.04265183124710246,0.02132591562355123
Child Protection : Establishment of child friendly spaces,NP0329403,1,55,55,1165,1,0.04721030042918455,0.04721030042918455
Child Protection : Establishment of child friendly spaces,NP0329403,5,102,68,2836,1,0.03596614950634697,0.023977433004231313
Child Protection : Establishment of child friendly spaces,NP0329404,2,22,22,2899,NA,0.0075888237323214905,0.0075888237323214905
Child Protection : Establishment of child friendly spaces,NP0330409,5,38,38,3788,1,0.01003167898627244,0.01003167898627244
Child Protection : Establishment of child friendly spaces,NP0330409,6,50,50,4625,1,0.010810810810810811,0.010810810810810811
"Child Protection : Referral of children with protection concerns to other services (health, security, justice etc.)",NP0328301,2,0,0,5303,1,0,0
Child Protection : Support to child protection transit home,NP0328301,2,25,25,5303,1,0.004714312653215161,0.004714312653215161
Delivery of SRH outreach program including mobile clinics to provide life-saving interventions on SRH and MCH services and improve the referral mechanism,NP0328301,2,44,44,5303,1,0.008297190269658684,0.008297190269658684
Delivery of SRH outreach program including mobile clinics to provide life-saving interventions on SRH and MCH services and improve the referral mechanism,NP0328301,3,90,90,4860,1,0.018518518518518517,0.018518518518518517
Delivery of SRH outreach program including mobile clinics to provide life-saving interventions on SRH and MCH services and improve the referral mechanism,NP0328301,4,45,42,7076,1,0.006359525155455059,0.0059355568117580556
Delivery of SRH outreach program including mobile clinics to provide life-saving interventions on SRH and MCH services and improve the referral mechanism,NP0328301,5,98,52,6280,1,0.015605095541401274,0.008280254777070064
Delivery of SRH outreach program including mobile clinics to provide life-saving interventions on SRH and MCH services and improve the referral mechanism,NP0328301,6,42,42,3996,1,0.010510510510510511,0.010510510510510511
Delivery of SRH outreach program including mobile clinics to provide life-saving interventions on SRH and MCH services and improve the referral mechanism,NP0328301,7,43,43,4032,1,0.01066468253968254,0.01066468253968254
Delivery of SRH outreach program including mobile clinics to provide life-saving interventions on SRH and MCH services and improve the referral mechanism,NP0328301,9,109,76,7591,1,0.014359109471742853,0.010011856145435384
Delivery of SRH outreach program including mobile clinics to provide life-saving interventions on SRH and MCH services and improve the referral mechanism,NP0328402,5,194,55,3095,1,0.06268174474959612,0.017770597738287562
Deployment of Female Community Health Volunteers (FCHVs) and Red Cross volunteers to promote SRH and GBV services,NP0328301,3,0,0,4860,1,0,0
Deployment of Mobile Medical Team/Rapid Response Team with emergency drugs and equipment to the affected areas,NP0328301,3,0,0,4860,1,0,0
Depolyment of Psychiatrist and Pyschologist,NP0328301,1,34,34,2951,1,0.011521518129447645,0.011521518129447645
Depolyment of Psychiatrist and Pyschologist,NP0328301,2,94,49,5303,1,0.017725815576089005,0.009240052800301716
Depolyment of Psychiatrist and Pyschologist,NP0328301,8,15,15,3873,1,0.0038729666924864447,0.0038729666924864447
Depolyment of Psychiatrist and Pyschologist,NP0328301,9,51,31,7591,1,0.006718482413384271,0.00408378342774338
Depolyment of Psychiatrist and Pyschologist,NP0328301,10,139,50,3433,1,0.0404893678997961,0.014564520827264784
Depolyment of Psychiatrist and Pyschologist,NP0328302,7,186,87,4530,1,0.04105960264900662,0.019205298013245033
Depolyment of Psychiatrist and Pyschologist,NP0328302,8,227,106,2817,1,0.08058217962371317,0.037628682996095134
Depolyment of Psychiatrist and Pyschologist,NP0328402,2,65,39,2750,NA,0.023636363636363636,0.014181818181818183
Depolyment of Psychiatrist and Pyschologist,NP0328402,5,96,55,3095,1,0.031017770597738286,0.017770597738287562
Depolyment of Psychiatrist and Pyschologist,NP0329403,5,11,6,2836,1,0.0038787023977433005,0.0021156558533145277
Depolyment of Psychiatrist and Pyschologist,NP0329404,3,18,18,1665,NA,0.010810810810810811,0.010810810810810811
Depolyment of Psychiatrist and Pyschologist,NP0329404,4,17,17,1032,NA,0.016472868217054265,0.016472868217054265
Depolyment of Psychiatrist and Pyschologist,NP0329404,5,12,11,1940,NA,0.006185567010309278,0.005670103092783505
Depolyment of Psychiatrist and Pyschologist,NP0330409,5,13,13,3788,1,0.0034318901795142554,0.0034318901795142554
Depolyment of Psychiatrist and Pyschologist,NP0330409,6,38,24,4625,1,0.008216216216216217,0.005189189189189189
Depolyment of Psychiatrist and Pyschologist,NP0330410,4,4,4,3222,1,0.0012414649286157666,0.0012414649286157666
Depolyment of Psychiatrist and Pyschologist,NP0330410,6,63,46,2691,1,0.023411371237458192,0.017094017094017096
Distribution of Early Childhood Development (ECD) kits,NP0328301,2,96,96,5303,1,0.01810296058834622,0.01810296058834622
Distribution of Early Childhood Development (ECD) kits,NP0328301,3,302,302,4860,1,0.06213991769547325,0.06213991769547325
Distribution of Early Childhood Development (ECD) kits,NP0329402,2,0,0,558,1,0,0
Distribution of Early Childhood Development (ECD) kits,NP0329402,5,0,0,2518,1,0,0
Distribution of Early Childhood Development (ECD) kits,NP0329403,5,60,30,2836,1,0.021156558533145273,0.010578279266572637
Distribution of Early Childhood Development (ECD) kits,NP0330410,6,33,33,2691,1,0.012263099219620958,0.012263099219620958
Distribution of critical WASH supplies (including hygiene kits) to affected households,NP0327101,2,200,100,11542,NA,0.017328019407381736,0.008664009703690868
Distribution of critical WASH supplies (including hygiene kits) to affected households,NP0327101,4,96,12,43311,NA,0.002216526979289326,2.770658724111658e-4
Distribution of critical WASH supplies (including hygiene kits) to affected households,NP0327101,15,53,50,52668,NA,0.0010063036378825854,9.493430546062125e-4
Distribution of critical WASH supplies (including hygiene kits) to affected households,NP0328301,1,2274,253,2951,1,0.7705862419518807,0.0857336496103016
Distribution of critical WASH supplies (including hygiene kits) to affected households,NP0328301,2,16217,5000,5303,1,3.0580803318876106,0.9428625306430323
Distribution of critical WASH supplies (including hygiene kits) to affected households,NP0328301,3,480,60,4860,1,0.09876543209876543,0.012345679012345678
Distribution of critical WASH supplies (including hygiene kits) to affected households,NP0328301,4,1748,1748,7076,1,0.24703222159412097,0.24703222159412097
Distribution of critical WASH supplies (including hygiene kits) to affected households,NP0328301,6,0,0,3996,1,0,0
Distribution of critical WASH supplies (including hygiene kits) to affected households,NP0328301,7,2282,953,4032,1,0.5659722222222222,0.23635912698412698
Distribution of critical WASH supplies (including hygiene kits) to affected households,NP0328301,8,2625,1132,3873,1,0.6777691711851278,0.29227988639297703
Distribution of critical WASH supplies (including hygiene kits) to affected households,NP0328301,9,836,350,7591,1,0.11013041759978923,0.04610723224871558
Distribution of critical WASH supplies (including hygiene kits) to affected households,NP0328301,10,0,0,3433,1,0,0
Distribution of critical WASH supplies (including hygiene kits) to affected households,NP0328301,12,480,480,3603,1,0.13322231473771856,0.13322231473771856
Distribution of critical WASH supplies (including hygiene kits) to affected households,NP0328302,7,392,392,4530,1,0.08653421633554084,0.08653421633554084
Distribution of critical WASH supplies (including hygiene kits) to affected households,NP0328302,8,313,313,2817,1,0.1111111111111111,0.1111111111111111
Distribution of critical WASH supplies (including hygiene kits) to affected households,NP0328402,3,2700,2700,3105,NA,0.8695652173913043,0.8695652173913043
Distribution of critical WASH supplies (including hygiene kits) to affected households,NP0328402,5,1593,1200,3095,1,0.5147011308562197,0.3877221324717286
Distribution of critical WASH supplies (including hygiene kits) to affected households,NP0328403,2,676,676,2020,1,0.3346534653465347,0.3346534653465347
Distribution of critical WASH supplies (including hygiene kits) to affected households,NP0328403,4,793,732,2157,1,0.3676402410755679,0.33936022253129344
Distribution of critical WASH supplies (including hygiene kits) to affected households,NP0328403,7,0,0,NA,NA,NA,NA
Distribution of critical WASH supplies (including hygiene kits) to affected households,NP0329401,3,2328,2328,1353,NA,1.7206208425720622,1.7206208425720622
Distribution of critical WASH supplies (including hygiene kits) to affected households,NP0329401,5,1200,1200,1704,1,0.704225352112676,0.704225352112676
Distribution of critical WASH supplies (including hygiene kits) to affected households,NP0329402,1,0,0,822,1,0,0
Distribution of critical WASH supplies (including hygiene kits) to affected households,NP0329402,3,0,0,495,1,0,0
Distribution of critical WASH supplies (including hygiene kits) to affected households,NP0329403,5,1264,1200,2836,1,0.44569816643159377,0.4231311706629055
Distribution of critical WASH supplies (including hygiene kits) to affected households,NP0330409,5,498,498,3788,1,0.13146779303062303,0.13146779303062303
Distribution of critical WASH supplies (including hygiene kits) to affected households,NP0330410,4,1267,1267,3222,1,0.3932340161390441,0.3932340161390441
Distribution of critical WASH supplies (including hygiene kits) to affected households,NP0330410,6,1368,1368,2691,1,0.5083612040133779,0.5083612040133779
Distribution of critical WASH supplies (including hygiene kits) to affected households,NP0330410,8,150,150,2964,1,0.05060728744939271,0.05060728744939271
Distribution of in-kind Food Relief Packages,NP0327101,2,500,100,11542,NA,0.04332004851845434,0.008664009703690868
Distribution of in-kind Food Relief Packages,NP0327101,4,120,12,43311,NA,0.0027706587241116574,2.770658724111658e-4
Distribution of in-kind Food Relief Packages,NP0327101,15,200,50,52668,NA,0.00379737221842485,9.493430546062125e-4
Distribution of in-kind Food Relief Packages,NP0328301,1,2024,253,2951,1,0.6858691968824128,0.0857336496103016
Distribution of in-kind Food Relief Packages,NP0328301,3,1047,507,4860,1,0.2154320987654321,0.10432098765432099
Distribution of in-kind Food Relief Packages,NP0328301,7,900,900,4032,1,0.22321428571428573,0.22321428571428573
Distribution of in-kind Food Relief Packages,NP0328301,8,0,0,3873,1,0,0
Distribution of in-kind Food Relief Packages,NP0328301,12,480,480,3603,1,0.13322231473771856,0.13322231473771856
Distribution of in-kind Food Relief Packages,NP0328302,7,2161,1665,4530,1,0.4770419426048565,0.3675496688741722
Distribution of in-kind Food Relief Packages,NP0328402,3,270,270,3105,NA,0.08695652173913043,0.08695652173913043
Distribution of in-kind Food Relief Packages,NP0328402,5,1236,1200,3095,1,0.3993537964458804,0.3877221324717286
Distribution of in-kind Food Relief Packages,NP0328403,2,676,676,2020,1,0.3346534653465347,0.3346534653465347
Distribution of in-kind Food Relief Packages,NP0328403,3,0,0,2553,NA,0,0
Distribution of in-kind Food Relief Packages,NP0328403,4,732,732,2157,1,0.33936022253129344,0.33936022253129344
Distribution of in-kind Food Relief Packages,NP0329401,3,2328,2328,1353,NA,1.7206208425720622,1.7206208425720622
Distribution of in-kind Food Relief Packages,NP0329401,5,1200,1200,1704,1,0.704225352112676,0.704225352112676
Distribution of in-kind Food Relief Packages,NP0329402,2,0,0,558,1,0,0
Distribution of in-kind Food Relief Packages,NP0329402,5,546,546,2518,1,0.21683876092136617,0.21683876092136617
Distribution of in-kind Food Relief Packages,NP0329402,6,420,420,3099,1,0.1355275895450145,0.1355275895450145
Distribution of in-kind Food Relief Packages,NP0329403,1,796,796,1165,1,0.6832618025751073,0.6832618025751073
Distribution of in-kind Food Relief Packages,NP0329403,2,385,385,1233,1,0.3122465531224655,0.3122465531224655
Distribution of in-kind Food Relief Packages,NP0329403,3,0,0,1080,1,0,0
Distribution of in-kind Food Relief Packages,NP0329403,4,0,0,1986,1,0,0
Distribution of in-kind Food Relief Packages,NP0329403,5,3316,1200,2836,1,1.1692524682651622,0.4231311706629055
Distribution of in-kind Food Relief Packages,NP0330409,5,175,175,3788,1,0.046198521647307283,0.046198521647307283
Distribution of in-kind Food Relief Packages,NP0330409,6,181,181,4625,1,0.039135135135135134,0.039135135135135134
Distribution of in-kind Food Relief Packages,NP0330410,8,437,437,2964,1,0.14743589743589744,0.14743589743589744
Distribution of learning packs,NP0328301,1,2097,1315,2951,1,0.7106065740426973,0.44561165706540157
Distribution of learning packs,NP0328301,2,706,288,5303,1,0.13313218932679616,0.05430888176503866
Distribution of learning packs,NP0328301,3,296,148,4860,1,0.060905349794238686,0.030452674897119343
Distribution of learning packs,NP0328301,5,545,331,6280,1,0.08678343949044585,0.052707006369426754
Distribution of learning packs,NP0328301,7,289,280,4032,1,0.0716765873015873,0.06944444444444445
Distribution of learning packs,NP0328301,10,150,80,3433,1,0.043693562481794346,0.023303233323623652
Distribution of learning packs,NP0328302,7,220,220,4530,1,0.04856512141280353,0.04856512141280353
Distribution of learning packs,NP0328403,2,0,0,2020,1,0,0
Distribution of learning packs,NP0329402,2,0,0,558,1,0,0
Distribution of learning packs,NP0329402,5,0,0,2518,1,0,0
Distribution of learning packs,NP0329403,5,158,98,2836,1,0.05571227080394922,0.03455571227080395
Distribution of learning packs,NP0330407,4,57,57,2401,0,0.023740108288213244,0.023740108288213244
Distribution of learning packs,NP0330408,5,77,40,3049,1,0.025254181698917678,0.013119055428009183
Distribution of learning packs,NP0330408,7,242,115,2886,1,0.08385308385308385,0.039847539847539845
Distribution of learning packs,NP0330408,9,25,15,3438,1,0.007271669575334497,0.004363001745200698
Distribution of learning packs,NP0330409,5,471,471,3788,1,0.12434002111932418,0.12434002111932418
Distribution of learning packs,NP0330410,4,121,77,3222,1,0.03755431409062694,0.023898199875853506
Distribution of learning packs,NP0330410,6,489,296,2691,1,0.18171683389074694,0.10999628390932739
Distribution of textbooks,NP0328301,9,0,0,7591,1,0,0
Distribution of textbooks,NP0330409,6,0,0,4625,1,0,0
Distribution of water purifier,NP0328301,9,900,900,7591,1,0.11856145435384008,0.11856145435384008
Emergency Shelter and repair Support,NP0328301,1,581,581,2951,1,0.19688241274144358,0.19688241274144358
Emergency Shelter and repair Support,NP0328301,3,485,485,4860,1,0.09979423868312758,0.09979423868312758
Emergency Shelter and repair Support,NP0328301,4,87,87,7076,1,0.012295081967213115,0.012295081967213115
Emergency Shelter and repair Support,NP0328301,5,2010,2010,6280,1,0.3200636942675159,0.3200636942675159
Emergency Shelter and repair Support,NP0328301,8,0,0,3873,1,0,0
Emergency Shelter and repair Support,NP0328403,2,0,0,2020,1,0,0
Emergency Shelter and repair Support,NP0328403,3,0,0,2553,NA,0,0
Emergency Shelter and repair Support,NP0329404,2,415,415,2899,NA,0.1431528113142463,0.1431528113142463
Emergency Shelter and repair Support,NP0330408,7,44,44,2886,1,0.015246015246015246,0.015246015246015246
Emergency transitional shelter,NP0328301,10,612,612,3433,1,0.17826973492572096,0.17826973492572096
Emergency transitional shelter,NP0330409,5,184,184,3788,1,0.048574445617740235,0.048574445617740235
Gender Based Violence (GBV) : Anti trafficing monitoring and awareness at transit check point,NP0328302,5,107,98,3160,1,0.033860759493670886,0.0310126582278481
Gender Based Violence (GBV) : Anti trafficing monitoring and awareness at transit check point,NP0328302,10,64,64,2821,NA,0.022686990428925913,0.022686990428925913
Gender Based Violence (GBV) : Anti trafficing monitoring and awareness at transit check point,NP0328401,5,269,110,2172,NA,0.12384898710865562,0.05064456721915286
Gender Based Violence (GBV) : Anti trafficing monitoring and awareness at transit check point,NP0328410,6,1011,391,2695,NA,0.375139146567718,0.1450834879406308
Gender Based Violence (GBV) : Distribution of essential life saving supplies to women and girls (including dignity kits),NP0328301,1,100,100,2951,1,0.03388681802778719,0.03388681802778719
Gender Based Violence (GBV) : Distribution of essential life saving supplies to women and girls (including dignity kits),NP0328301,2,81,81,5303,1,0.015274372996417122,0.015274372996417122
Gender Based Violence (GBV) : Distribution of essential life saving supplies to women and girls (including dignity kits),NP0328301,3,0,0,4860,1,0,0
Gender Based Violence (GBV) : Distribution of essential life saving supplies to women and girls (including dignity kits),NP0328301,4,48,48,7076,1,0.006783493499152063,0.006783493499152063
Gender Based Violence (GBV) : Distribution of essential life saving supplies to women and girls (including dignity kits),NP0328301,5,109,59,6280,1,0.01735668789808917,0.009394904458598726
Gender Based Violence (GBV) : Distribution of essential life saving supplies to women and girls (including dignity kits),NP0328301,7,953,953,4032,1,0.23635912698412698,0.23635912698412698
Gender Based Violence (GBV) : Distribution of essential life saving supplies to women and girls (including dignity kits),NP0328301,9,2000,2000,7591,1,0.26346989856408903,0.26346989856408903
Gender Based Violence (GBV) : Distribution of essential life saving supplies to women and girls (including dignity kits),NP0328301,10,20,20,3433,1,0.005825808330905913,0.005825808330905913
Gender Based Violence (GBV) : Distribution of essential life saving supplies to women and girls (including dignity kits),NP0328302,8,313,313,2817,1,0.1111111111111111,0.1111111111111111
Gender Based Violence (GBV) : Distribution of essential life saving supplies to women and girls (including dignity kits),NP0328402,5,220,220,3095,1,0.07108239095315025,0.07108239095315025
Gender Based Violence (GBV) : Distribution of essential life saving supplies to women and girls (including dignity kits),NP0328403,4,8,8,2157,1,0.0037088548910523874,0.0037088548910523874
Gender Based Violence (GBV) : Distribution of essential life saving supplies to women and girls (including dignity kits),NP0329403,5,0,0,2836,1,0,0
Gender Based Violence (GBV) : Distribution of essential life saving supplies to women and girls (including dignity kits),NP0330409,2,145,60,4076,1,0.03557409224730128,0.014720314033366046
Gender Based Violence (GBV) : Distribution of essential life saving supplies to women and girls (including dignity kits),NP0330409,5,0,0,3788,1,0,0
Gender Based Violence (GBV) : Establishment of women friendly spaces,NP0328301,2,0,0,5303,1,0,0
Gender Based Violence (GBV) : Establishment of women friendly spaces,NP0328301,3,0,0,4860,1,0,0
Gender Based Violence (GBV) : Establishment of women friendly spaces,NP0328301,5,152,108,6280,1,0.024203821656050957,0.017197452229299363
Gender Based Violence (GBV) : Establishment of women friendly spaces,NP0328301,6,0,0,3996,1,0,0
Gender Based Violence (GBV) : Establishment of women friendly spaces,NP0328302,7,120,120,4530,1,0.026490066225165563,0.026490066225165563
Gender Based Violence (GBV) : Establishment of women friendly spaces,NP0328302,8,27,27,2817,1,0.009584664536741214,0.009584664536741214
Gender Based Violence (GBV) : Establishment of women friendly spaces,NP0329403,5,23,23,2836,1,0.008110014104372355,0.008110014104372355
Gender Based Violence (GBV) : Establishment of women friendly spaces,NP0330410,6,138,108,2691,1,0.05128205128205128,0.04013377926421405
Gender Based Violence (GBV) : Provision of GBV response services including referral to other services,NP0328301,6,1,1,3996,1,2.5025025025025025e-4,2.5025025025025025e-4
Gender Based Violence (GBV) : Provision of GBV response services including referral to other services,NP0328301,7,39,39,4032,1,0.009672619047619048,0.009672619047619048
Gender Based Violence (GBV) : Provision of GBV response services including referral to other services,NP0328301,8,3,2,3873,1,7.74593338497289e-4,5.163955589981926e-4
Gender Based Violence (GBV) : Provision of GBV response services including referral to other services,NP0328301,13,0,0,5083,NA,0,0
Gender Based Violence (GBV) : Provision of GBV response services including referral to other services,NP0328302,5,0,0,3160,1,0,0
Gender Based Violence (GBV) : Provision of GBV response services including referral to other services,NP0328302,10,0,0,2821,NA,0,0
Gender Based Violence (GBV) : Provision of GBV response services including referral to other services,NP0328410,6,0,0,2695,NA,0,0
Gender Based Violence (GBV) : Sensitization/orientation on GBV prevention and response interventions,NP0328302,5,0,0,3160,1,0,0
Gender Based Violence (GBV) : Sensitization/orientation on GBV prevention and response interventions,NP0328302,7,0,0,4530,1,0,0
Gender Based Violence (GBV) : Sensitization/orientation on GBV prevention and response interventions,NP0328302,10,0,0,2821,NA,0,0
Gender Based Violence (GBV) : Sensitization/orientation on GBV prevention and response interventions,NP0328401,5,0,0,2172,NA,0,0
Gender Based Violence (GBV) : Sensitization/orientation on GBV prevention and response interventions,NP0328403,7,0,0,NA,NA,NA,NA
Gender Based Violence (GBV) : Sensitization/orientation on GBV prevention and response interventions,NP0328410,6,0,0,2695,NA,0,0
General Hygiene promotion,NP0328301,2,173,92,5303,1,0.032623043560248914,0.017348670563831794
General Hygiene promotion,NP0328301,3,200,200,4860,1,0.0411522633744856,0.0411522633744856
General Hygiene promotion,NP0328301,5,49,49,6280,1,0.007802547770700637,0.007802547770700637
General Hygiene promotion,NP0330410,8,0,0,2964,1,0,0
"HH chlorination supplies (like Piyush, Aquatabs etc.)",NP0328301,2,1000,1000,5303,1,0.18857250612860646,0.18857250612860646
"HH chlorination supplies (like Piyush, Aquatabs etc.)",NP0329402,2,0,0,558,1,0,0
"HH chlorination supplies (like Piyush, Aquatabs etc.)",NP0329402,5,0,0,2518,1,0,0
Host Family Assistance,NP0328301,2,0,0,5303,1,0,0
Host Family Assistance,NP0329403,5,0,0,2836,1,0,0
Installation/maintenance of WASH facility in school,NP0328301,3,0,0,4860,1,0,0
Installation/maintenance of WASH facility in school,NP0328301,5,0,0,6280,1,0,0
"Integrate psychosocial support services into the SRH service package for women and girls, adolescents and other vulnerable/special population",NP0328301,6,35,35,3996,1,0.008758758758758759,0.008758758758758759
"Integrate psychosocial support services into the SRH service package for women and girls, adolescents and other vulnerable/special population",NP0328301,8,0,0,3873,1,0,0
Kitchen set distribution to HHs as shelter support,NP0328402,5,440,220,3095,1,0.1421647819063005,0.07108239095315025
Major maintenance of overhead tanks water supply system for medium term,NP0330409,6,0,0,4625,1,0,0
Major maintenance of water supply system for immediate water supply maintenance of water supply system for immediate water supply,NP0328301,2,0,0,5303,1,0,0
Major maintenance of water supply system for immediate water supply maintenance of water supply system for immediate water supply,NP0328301,4,0,0,7076,1,0,0
Major maintenance of water supply system for immediate water supply maintenance of water supply system for immediate water supply,NP0328301,6,0,0,3996,1,0,0
Major maintenance of water supply system for immediate water supply maintenance of water supply system for immediate water supply,NP0328301,7,0,0,4032,1,0,0
Major maintenance of water supply system for immediate water supply maintenance of water supply system for immediate water supply,NP0328301,10,0,0,3433,1,0,0
Mental Health and Psychosocial Support (MHPSS) : Capacity building of frontline service providers and community psychosocial workers,NP0328301,1,0,0,2951,1,0,0
Mental Health and Psychosocial Support (MHPSS) : Capacity building of frontline service providers and community psychosocial workers,NP0329404,2,24,24,2899,NA,0.008278716798896172,0.008278716798896172
Mental Health and Psychosocial Support (MHPSS) : Capacity building of frontline service providers and community psychosocial workers,NP0330407,4,19,19,2401,0,0.007913369429404415,0.007913369429404415
Mental Health and Psychosocial Support (MHPSS) : Capacity building of frontline service providers and community psychosocial workers,NP0330408,3,0,0,4532,1,0,0
Mental Health and Psychosocial Support (MHPSS) : Capacity building of frontline service providers and community psychosocial workers,NP0330408,5,0,0,3049,1,0,0
Mental Health and Psychosocial Support (MHPSS) : Capacity building of frontline service providers and community psychosocial workers,NP0330408,7,0,0,2886,1,0,0
Mental Health and Psychosocial Support (MHPSS) : Capacity building of frontline service providers and community psychosocial workers,NP0330408,9,21,21,3438,1,0.006108202443280977,0.006108202443280977
Mental Health and Psychosocial Support (MHPSS) : Capacity building of frontline service providers and community psychosocial workers,NP0330410,4,32,32,3222,1,0.009931719428926133,0.009931719428926133
Mental Health and Psychosocial Support (MHPSS) : Capacity building of frontline service providers and community psychosocial workers,NP0330410,6,37,33,2691,1,0.013749535488665924,0.012263099219620958
Mental Health and Psychosocial Support (MHPSS) : Capacity building of frontline service providers and community psychosocial workers,NP0330410,8,0,0,2964,1,0,0
Mental Health and Psychosocial Support (MHPSS) : Community sensitization on psychosocial well-being and link to services,NP0328301,4,0,0,7076,1,0,0
Mental Health and Psychosocial Support (MHPSS) : Community sensitization on psychosocial well-being and link to services,NP0328301,9,0,0,7591,1,0,0
Mental Health and Psychosocial Support (MHPSS) : Community sensitization on psychosocial well-being and link to services,NP0328301,10,0,0,3433,1,0,0
Mental Health and Psychosocial Support (MHPSS) : Community sensitization on psychosocial well-being and link to services,NP0328302,7,0,0,4530,1,0,0
Mental Health and Psychosocial Support (MHPSS) : Community sensitization on psychosocial well-being and link to services,NP0328403,4,0,0,2157,1,0,0
Mental Health and Psychosocial Support (MHPSS) : Community sensitization on psychosocial well-being and link to services,NP0329403,1,0,0,1165,1,0,0
Mental Health and Psychosocial Support (MHPSS) : Community sensitization on psychosocial well-being and link to services,NP0329404,1,0,0,2493,1,0,0
Mental Health and Psychosocial Support (MHPSS) : Community sensitization on psychosocial well-being and link to services,NP0330408,10,0,0,4652,1,0,0
Mental Health and Psychosocial Support (MHPSS) : Community sensitization on psychosocial well-being and link to services,NP0330409,2,0,0,4076,1,0,0
Mental Health and Psychosocial Support (MHPSS) : Community sensitization on psychosocial well-being and link to services,NP0330409,6,0,0,4625,1,0,0
Mental Health and Psychosocial Support (MHPSS) : Community sensitization on psychosocial well-being and link to services,NP0330410,4,0,0,3222,1,0,0
Mental Health and Psychosocial Support (MHPSS) : PSA messaging on MHPSS,NP0328302,7,349,349,4530,1,0.07704194260485651,0.07704194260485651
Mental Health and Psychosocial Support (MHPSS) : PSA messaging on MHPSS,NP0328302,8,0,0,2817,1,0,0
Mental Health and Psychosocial Support (MHPSS) : PSA messaging on MHPSS,NP0329403,5,2,2,2836,1,7.052186177715092e-4,7.052186177715092e-4
Mental Health and Psychosocial Support (MHPSS) : PSA messaging on MHPSS,NP0330407,6,0,0,2700,1,0,0
"Mental Health and Psychosocial Support (MHPSS) : Provision of psychosocial support (psychological first aid, one to one and group counselling) to affected people",NP0327101,12,44,44,10956,NA,0.004016064257028112,0.004016064257028112
"Mental Health and Psychosocial Support (MHPSS) : Provision of psychosocial support (psychological first aid, one to one and group counselling) to affected people",NP0327101,15,367,314,52668,NA,0.0069681780208096,0.005961874382927015
"Mental Health and Psychosocial Support (MHPSS) : Provision of psychosocial support (psychological first aid, one to one and group counselling) to affected people",NP0328301,1,34,34,2951,1,0.011521518129447645,0.011521518129447645
"Mental Health and Psychosocial Support (MHPSS) : Provision of psychosocial support (psychological first aid, one to one and group counselling) to affected people",NP0328301,2,680,266,5303,1,0.12822930416745237,0.050160286630209314
"Mental Health and Psychosocial Support (MHPSS) : Provision of psychosocial support (psychological first aid, one to one and group counselling) to affected people",NP0328301,3,168,105,4860,1,0.0345679012345679,0.021604938271604937
"Mental Health and Psychosocial Support (MHPSS) : Provision of psychosocial support (psychological first aid, one to one and group counselling) to affected people",NP0328301,4,172,153,7076,1,0.02430751837196156,0.021622385528547203
"Mental Health and Psychosocial Support (MHPSS) : Provision of psychosocial support (psychological first aid, one to one and group counselling) to affected people",NP0328301,5,35,35,6280,1,0.005573248407643312,0.005573248407643312
"Mental Health and Psychosocial Support (MHPSS) : Provision of psychosocial support (psychological first aid, one to one and group counselling) to affected people",NP0328301,6,0,0,3996,1,0,0
"Mental Health and Psychosocial Support (MHPSS) : Provision of psychosocial support (psychological first aid, one to one and group counselling) to affected people",NP0328301,7,44,10,4032,1,0.010912698412698412,0.00248015873015873
"Mental Health and Psychosocial Support (MHPSS) : Provision of psychosocial support (psychological first aid, one to one and group counselling) to affected people",NP0328301,8,956,420,3873,1,0.24683707720113607,0.10844306738962045
"Mental Health and Psychosocial Support (MHPSS) : Provision of psychosocial support (psychological first aid, one to one and group counselling) to affected people",NP0328301,9,650,133,7591,1,0.08562771703332894,0.01752074825451192
"Mental Health and Psychosocial Support (MHPSS) : Provision of psychosocial support (psychological first aid, one to one and group counselling) to affected people",NP0328301,10,151,92,3433,1,0.043984852898339644,0.026798718322167202
"Mental Health and Psychosocial Support (MHPSS) : Provision of psychosocial support (psychological first aid, one to one and group counselling) to affected people",NP0328302,3,50,50,2943,NA,0.016989466530750934,0.016989466530750934
"Mental Health and Psychosocial Support (MHPSS) : Provision of psychosocial support (psychological first aid, one to one and group counselling) to affected people",NP0328302,5,0,0,3160,1,0,0
"Mental Health and Psychosocial Support (MHPSS) : Provision of psychosocial support (psychological first aid, one to one and group counselling) to affected people",NP0328302,7,347,134,4530,1,0.07660044150110375,0.029580573951434878
"Mental Health and Psychosocial Support (MHPSS) : Provision of psychosocial support (psychological first aid, one to one and group counselling) to affected people",NP0328302,8,211,60,2817,1,0.07490237841675541,0.021299254526091587
"Mental Health and Psychosocial Support (MHPSS) : Provision of psychosocial support (psychological first aid, one to one and group counselling) to affected people",NP0328402,2,26,26,2750,NA,0.009454545454545455,0.009454545454545455
"Mental Health and Psychosocial Support (MHPSS) : Provision of psychosocial support (psychological first aid, one to one and group counselling) to affected people",NP0328402,4,39,39,1739,NA,0.022426682001150087,0.022426682001150087
"Mental Health and Psychosocial Support (MHPSS) : Provision of psychosocial support (psychological first aid, one to one and group counselling) to affected people",NP0328402,5,218,117,3095,1,0.0704361873990307,0.037802907915993535
"Mental Health and Psychosocial Support (MHPSS) : Provision of psychosocial support (psychological first aid, one to one and group counselling) to affected people",NP0328403,2,0,0,2020,1,0,0
"Mental Health and Psychosocial Support (MHPSS) : Provision of psychosocial support (psychological first aid, one to one and group counselling) to affected people",NP0329401,1,22,11,1455,1,0.015120274914089347,0.007560137457044674
"Mental Health and Psychosocial Support (MHPSS) : Provision of psychosocial support (psychological first aid, one to one and group counselling) to affected people",NP0329402,2,24,24,558,1,0.043010752688172046,0.043010752688172046
"Mental Health and Psychosocial Support (MHPSS) : Provision of psychosocial support (psychological first aid, one to one and group counselling) to affected people",NP0329402,3,67,67,495,1,0.13535353535353536,0.13535353535353536
"Mental Health and Psychosocial Support (MHPSS) : Provision of psychosocial support (psychological first aid, one to one and group counselling) to affected people",NP0329402,5,165,67,2518,1,0.06552819698173153,0.02660841938046068
"Mental Health and Psychosocial Support (MHPSS) : Provision of psychosocial support (psychological first aid, one to one and group counselling) to affected people",NP0329402,6,222,88,3099,1,0.07163601161665054,0.02839625685705066
"Mental Health and Psychosocial Support (MHPSS) : Provision of psychosocial support (psychological first aid, one to one and group counselling) to affected people",NP0329403,2,22,18,1233,1,0.017842660178426603,0.014598540145985401
"Mental Health and Psychosocial Support (MHPSS) : Provision of psychosocial support (psychological first aid, one to one and group counselling) to affected people",NP0329403,3,0,0,1080,1,0,0
"Mental Health and Psychosocial Support (MHPSS) : Provision of psychosocial support (psychological first aid, one to one and group counselling) to affected people",NP0329403,4,10,10,1986,1,0.005035246727089627,0.005035246727089627
"Mental Health and Psychosocial Support (MHPSS) : Provision of psychosocial support (psychological first aid, one to one and group counselling) to affected people",NP0329403,5,483,67,2836,1,0.17031029619181948,0.02362482369534556
"Mental Health and Psychosocial Support (MHPSS) : Provision of psychosocial support (psychological first aid, one to one and group counselling) to affected people",NP0329404,2,13,13,2899,NA,0.004484304932735426,0.004484304932735426
"Mental Health and Psychosocial Support (MHPSS) : Provision of psychosocial support (psychological first aid, one to one and group counselling) to affected people",NP0329404,3,277,230,1665,NA,0.16636636636636637,0.13813813813813813
"Mental Health and Psychosocial Support (MHPSS) : Provision of psychosocial support (psychological first aid, one to one and group counselling) to affected people",NP0329404,4,17,17,1032,NA,0.016472868217054265,0.016472868217054265
"Mental Health and Psychosocial Support (MHPSS) : Provision of psychosocial support (psychological first aid, one to one and group counselling) to affected people",NP0329404,5,11,11,1940,NA,0.005670103092783505,0.005670103092783505
"Mental Health and Psychosocial Support (MHPSS) : Provision of psychosocial support (psychological first aid, one to one and group counselling) to affected people",NP0329404,6,3,3,NA,NA,NA,NA
"Mental Health and Psychosocial Support (MHPSS) : Provision of psychosocial support (psychological first aid, one to one and group counselling) to affected people",NP0330407,3,0,0,2337,0,0,0
"Mental Health and Psychosocial Support (MHPSS) : Provision of psychosocial support (psychological first aid, one to one and group counselling) to affected people",NP0330407,4,0,0,2401,0,0,0
"Mental Health and Psychosocial Support (MHPSS) : Provision of psychosocial support (psychological first aid, one to one and group counselling) to affected people",NP0330407,7,0,0,3731,1,0,0
"Mental Health and Psychosocial Support (MHPSS) : Provision of psychosocial support (psychological first aid, one to one and group counselling) to affected people",NP0330408,5,118,118,3049,1,0.03870121351262709,0.03870121351262709
"Mental Health and Psychosocial Support (MHPSS) : Provision of psychosocial support (psychological first aid, one to one and group counselling) to affected people",NP0330408,9,0,0,3438,1,0,0
"Mental Health and Psychosocial Support (MHPSS) : Provision of psychosocial support (psychological first aid, one to one and group counselling) to affected people",NP0330409,1,0,0,5214,0,0,0
"Mental Health and Psychosocial Support (MHPSS) : Provision of psychosocial support (psychological first aid, one to one and group counselling) to affected people",NP0330409,3,24,17,2008,NA,0.01195219123505976,0.00846613545816733
"Mental Health and Psychosocial Support (MHPSS) : Provision of psychosocial support (psychological first aid, one to one and group counselling) to affected people",NP0330409,5,99,70,3788,1,0.02613516367476241,0.018479408658922915
"Mental Health and Psychosocial Support (MHPSS) : Provision of psychosocial support (psychological first aid, one to one and group counselling) to affected people",NP0330409,6,24,24,4625,1,0.005189189189189189,0.005189189189189189
"Mental Health and Psychosocial Support (MHPSS) : Provision of psychosocial support (psychological first aid, one to one and group counselling) to affected people",NP0330410,1,0,0,3372,1,0,0
"Mental Health and Psychosocial Support (MHPSS) : Provision of psychosocial support (psychological first aid, one to one and group counselling) to affected people",NP0330410,2,29,29,2787,1,0.010405453893074991,0.010405453893074991
"Mental Health and Psychosocial Support (MHPSS) : Provision of psychosocial support (psychological first aid, one to one and group counselling) to affected people",NP0330410,4,51,19,3222,1,0.015828677839851025,0.005896958410924891
"Mental Health and Psychosocial Support (MHPSS) : Provision of psychosocial support (psychological first aid, one to one and group counselling) to affected people",NP0330410,6,137,55,2691,1,0.05091044221479004,0.020438498699368264
Minor maintenance of water supply system for immediate water supply,NP0328301,1,131.1,65.55,2951,1,0.04442561843442901,0.022212809217214503
Minor maintenance of water supply system for immediate water supply,NP0328301,2,0,0,5303,1,0,0
Minor maintenance of water supply system for immediate water supply,NP0328301,6,197,197,3996,1,0.0492992992992993,0.0492992992992993
Minor maintenance of water supply system for immediate water supply,NP0329403,5,156,125,2836,1,0.05500705218617771,0.044076163610719324
Minor maintenance of water supply system for immediate water supply,NP0330409,6,0,0,4625,1,0,0
Minor maintenance of water supply system for immediate water supply,NP0330410,5,1044,882,2988,NA,0.3493975903614458,0.29518072289156627
Multi-purpose cash transfer to affected households,NP0328301,10,0,0,3433,1,0,0
Multi-purpose cash transfer to affected households,NP0329402,2,0,0,558,1,0,0
"NFI Distribution (Mosquito net, baskets, bedsheets, mattress, Tarpaulins )",NP0328301,1,1650.7,460,2951,1,0.5593697051846832,0.1558793629278211
"NFI Distribution (Mosquito net, baskets, bedsheets, mattress, Tarpaulins )",NP0328301,2,1430,1338,5303,1,0.2696586837639072,0.25231001320007546
"NFI Distribution (Mosquito net, baskets, bedsheets, mattress, Tarpaulins )",NP0328301,3,1201,386,4860,1,0.247119341563786,0.0794238683127572
"NFI Distribution (Mosquito net, baskets, bedsheets, mattress, Tarpaulins )",NP0328301,4,893,874,7076,1,0.12620124364047486,0.12351611079706049
"NFI Distribution (Mosquito net, baskets, bedsheets, mattress, Tarpaulins )",NP0328301,5,2027,982,6280,1,0.3227707006369427,0.15636942675159235
"NFI Distribution (Mosquito net, baskets, bedsheets, mattress, Tarpaulins )",NP0328301,7,1682,953,4032,1,0.41716269841269843,0.23635912698412698
"NFI Distribution (Mosquito net, baskets, bedsheets, mattress, Tarpaulins )",NP0328301,9,1592.25,625,7591,1,0.2097549729943354,0.08233434330127783
"NFI Distribution (Mosquito net, baskets, bedsheets, mattress, Tarpaulins )",NP0328301,10,699,437,3433,1,0.20361200116516168,0.1272939120302942
"NFI Distribution (Mosquito net, baskets, bedsheets, mattress, Tarpaulins )",NP0328302,7,392,392,4530,1,0.08653421633554084,0.08653421633554084
"NFI Distribution (Mosquito net, baskets, bedsheets, mattress, Tarpaulins )",NP0328302,8,413,313,2817,1,0.14660986865459708,0.1111111111111111
"NFI Distribution (Mosquito net, baskets, bedsheets, mattress, Tarpaulins )",NP0328402,5,1260,874,3095,1,0.407108239095315,0.2823909531502423
"NFI Distribution (Mosquito net, baskets, bedsheets, mattress, Tarpaulins )",NP0328403,2,183,183,2020,1,0.09059405940594059,0.09059405940594059
"NFI Distribution (Mosquito net, baskets, bedsheets, mattress, Tarpaulins )",NP0328403,4,231,231,2157,1,0.1070931849791377,0.1070931849791377
"NFI Distribution (Mosquito net, baskets, bedsheets, mattress, Tarpaulins )",NP0328404,3,230,230,2531,NA,0.09087317265902806,0.09087317265902806
"NFI Distribution (Mosquito net, baskets, bedsheets, mattress, Tarpaulins )",NP0329402,2,0,0,558,1,0,0
"NFI Distribution (Mosquito net, baskets, bedsheets, mattress, Tarpaulins )",NP0329402,5,0,0,2518,1,0,0
"NFI Distribution (Mosquito net, baskets, bedsheets, mattress, Tarpaulins )",NP0329403,1,16,16,1165,1,0.013733905579399141,0.013733905579399141
"NFI Distribution (Mosquito net, baskets, bedsheets, mattress, Tarpaulins )",NP0329403,2,345,345,1233,1,0.2798053527980535,0.2798053527980535
"NFI Distribution (Mosquito net, baskets, bedsheets, mattress, Tarpaulins )",NP0329403,4,400,400,1986,1,0.2014098690835851,0.2014098690835851
"NFI Distribution (Mosquito net, baskets, bedsheets, mattress, Tarpaulins )",NP0329403,5,907,400,2836,1,0.3198166431593794,0.14104372355430184
"NFI Distribution (Mosquito net, baskets, bedsheets, mattress, Tarpaulins )",NP0329404,1,17,17,2493,1,0.00681909346169274,0.00681909346169274
"NFI Distribution (Mosquito net, baskets, bedsheets, mattress, Tarpaulins )",NP0330409,5,184,184,3788,1,0.048574445617740235,0.048574445617740235
"NFI Distribution (Mosquito net, baskets, bedsheets, mattress, Tarpaulins )",NP0330409,6,350,175,4625,1,0.07567567567567568,0.03783783783783784
"NFI Distribution (Mosquito net, baskets, bedsheets, mattress, Tarpaulins )",NP0330410,6,221,113,2691,1,0.0821256038647343,0.041991824600520256
"NFI Distribution (Mosquito net, baskets, bedsheets, mattress, Tarpaulins )",NP0330410,8,649,349,2964,1,0.21896086369770582,0.11774628879892038
Other,NP0328301,3,0,0,4860,1,0,0
Other,NP0330409,6,0,0,4625,1,0,0
Printing and distribution of Behaviour Change Communication (BCC) materials,NP0328301,3,0,0,4860,1,0,0
Procurement and Supply Chain coordination,NP0329402,6,0,0,3099,1,0,0
"Promotion and awareness on water conservation, storage and water quality/safety",NP0329403,4,86,86,1986,1,0.0433031218529708,0.0433031218529708
"Promotion and awareness on water conservation, storage and water quality/safety",NP0329404,2,103,103,2899,NA,0.03552949292859607,0.03552949292859607
Provide psychosocial support to service providers ensuring caring for carers,NP0328301,2,21,21,5303,1,0.003960022628700735,0.003960022628700735
Provide psychosocial support to service providers ensuring caring for carers,NP0328301,9,20,20,7591,1,0.0026346989856408905,0.0026346989856408905
Provide psychosocial support to service providers ensuring caring for carers,NP0328301,12,20,20,3603,1,0.005550929780738274,0.005550929780738274
Provide psychosocial support to service providers ensuring caring for carers,NP0328302,7,30,30,4530,1,0.006622516556291391,0.006622516556291391
Provide targeted MHPSS in schools for students (children/adolescent),NP0328301,1,25,25,2951,1,0.008471704506946797,0.008471704506946797
Provide targeted MHPSS in schools for students (children/adolescent),NP0328301,3,30,30,4860,1,0.006172839506172839,0.006172839506172839
Provide targeted MHPSS in schools for students (children/adolescent),NP0328301,4,93,93,7076,1,0.013143018654607123,0.013143018654607123
Provide targeted MHPSS in schools for students (children/adolescent),NP0328301,9,23,23,7591,1,0.003029903833487024,0.003029903833487024
Provide targeted MHPSS in schools for students (children/adolescent),NP0329403,5,0,0,2836,1,0,0
Provide targeted MHPSS in schools for students (children/adolescent),NP0330408,5,133,133,3049,1,0.04362085929813053,0.04362085929813053
Provide targeted MHPSS in schools for students (children/adolescent),NP0330408,7,52,52,2886,1,0.018018018018018018,0.018018018018018018
Provide targeted MHPSS in schools for students (children/adolescent),NP0330410,6,218,134,2691,1,0.08101077666295058,0.04979561501300632
"Provide the assistive devices, medical rehabilitation  and referral support  to the  Person with disabilities",NP0328301,3,0,0,4860,1,0,0
"Provision of essential and life-saving sexual and reproductive health medications, commodities and supplies for women of reproductive age group and adolescents",NP0329402,1,0,0,822,1,0,0
"Provision of essential and life-saving sexual and reproductive health medications, commodities and supplies for women of reproductive age group and adolescents",NP0330409,1,0,0,5214,0,0,0
"Provision of essential medicines, supplies and devices",NP0327101,4,24,12,43311,NA,5.541317448223315e-4,2.770658724111658e-4
"Provision of essential medicines, supplies and devices",NP0328301,1,506,253,2951,1,0.1714672992206032,0.0857336496103016
"Provision of essential medicines, supplies and devices",NP0328301,3,320,200,4860,1,0.06584362139917696,0.0411522633744856
"Provision of essential medicines, supplies and devices",NP0329403,5,0,0,2836,1,0,0
Provision of ready to eat or cooked meals to affected people,NP0328301,2,2300,240,5303,1,0.43371676409579485,0.04525740147086555
Provision of ready to eat or cooked meals to affected people,NP0328301,5,113,113,6280,1,0.017993630573248407,0.017993630573248407
Provision of ready to eat or cooked meals to affected people,NP0329403,5,1998,874,2836,1,0.7045133991537377,0.3081805359661495
"Site Management Support benefiting affected individuals through coordination, service monitoring, and community engagement",NP0328301,3,0,0,4860,1,0,0
"Site Management Support benefiting affected individuals through coordination, service monitoring, and community engagement",NP0328301,5,1117,407,6280,1,0.17786624203821655,0.06480891719745223
"Site Management Support benefiting affected individuals through coordination, service monitoring, and community engagement",NP0328301,9,0,0,7591,1,0,0
"Site Management Support benefiting affected individuals through coordination, service monitoring, and community engagement",NP0328402,9,0,0,NA,NA,NA,NA
"Site Management, Coordination and Monitoring : Site level service mapping and gap identification",NP0328301,2,0,0,5303,1,0,0
"Site Management, Coordination and Monitoring : Site level service mapping and gap identification",NP0329403,2,0,0,1233,1,0,0
"Site Management, Coordination and Monitoring : Site level service mapping and gap identification",NP0329403,3,0,0,1080,1,0,0
"Site Management, Coordination and Monitoring : Site level service mapping and gap identification",NP0329403,5,0,0,2836,1,0,0
"Site Management, Coordination and Monitoring : Site level service mapping and gap identification",NP0329404,2,0,0,2899,NA,0,0
"Site Management, Coordination and Monitoring : Site level service mapping and gap identification",NP0330409,1,0,0,5214,0,0,0
"Site Management, Coordination and Monitoring : Site level service mapping and gap identification",NP0330409,2,0,0,4076,1,0,0
"Site Management, Coordination and Monitoring : Site level service mapping and gap identification",NP0330409,5,0,0,3788,1,0,0
"Site Management, Coordination and Monitoring : Site level service mapping and gap identification",NP0330409,6,0,0,4625,1,0,0
"Site Management, Coordination and Monitoring : Site level service mapping and gap identification",NP0330410,4,0,0,3222,1,0,0
"Site Management, Coordination and Monitoring : Site management support / daily site presence",NP0329403,5,344,290,2836,1,0.12129760225669958,0.10225669957686882
"Site Management, Coordination and Monitoring : Site-level service monitoring and gap identification",NP0328301,1,0,0,2951,1,0,0
"Site Management, Coordination and Monitoring : Site-level service monitoring and gap identification",NP0328301,2,0,0,5303,1,0,0
"Site Management, Coordination and Monitoring : Site-level service monitoring and gap identification",NP0328301,3,0,0,4860,1,0,0
"Site Management, Coordination and Monitoring : Site-level service monitoring and gap identification",NP0328301,4,0,0,7076,1,0,0
"Site Management, Coordination and Monitoring : Site-level service monitoring and gap identification",NP0328301,5,0,0,6280,1,0,0
"Site Management, Coordination and Monitoring : Site-level service monitoring and gap identification",NP0328301,6,0,0,3996,1,0,0
"Site Management, Coordination and Monitoring : Site-level service monitoring and gap identification",NP0328301,7,0,0,4032,1,0,0
"Site Management, Coordination and Monitoring : Site-level service monitoring and gap identification",NP0328301,9,0,0,7591,1,0,0
"Site Management, Coordination and Monitoring : Site-level service monitoring and gap identification",NP0328301,10,0,0,3433,1,0,0
"Site Management, Coordination and Monitoring : Site-level service monitoring and gap identification",NP0328302,7,0,0,4530,1,0,0
"Site Management, Coordination and Monitoring : Site-level service monitoring and gap identification",NP0328302,8,0,0,2817,1,0,0
"Site Management, Coordination and Monitoring : Site-level service monitoring and gap identification",NP0328402,5,0,0,3095,1,0,0
Support for teacher training on psychosocial support and learning recovery,NP0330407,4,19,19,2401,0,0.007913369429404415,0.007913369429404415
Support for teacher training on psychosocial support and learning recovery,NP0330408,5,27,27,3049,1,0.0088553624139062,0.0088553624139062
Support for teacher training on psychosocial support and learning recovery,NP0330408,7,8,8,2886,1,0.002772002772002772,0.002772002772002772
Support for teacher training on psychosocial support and learning recovery,NP0330408,9,18,18,3438,1,0.005235602094240838,0.005235602094240838
Support for teacher training on psychosocial support and learning recovery,NP0330410,4,59,32,3222,1,0.01831160769708256,0.009931719428926133
Support for teacher training on psychosocial support and learning recovery,NP0330410,6,4,4,2691,1,0.0014864362690449647,0.0014864362690449647
Support to Temporary Learning Centers (Type -1) and Transitional learning centers (Type-2),NP0328301,1,775,349,2951,1,0.2626228397153507,0.1182649949169773
Support to Temporary Learning Centers (Type -1) and Transitional learning centers (Type-2),NP0328301,2,117,68,5303,1,0.022062983217046955,0.012822930416745239
Support to Temporary Learning Centers (Type -1) and Transitional learning centers (Type-2),NP0328301,5,200,200,6280,1,0.03184713375796178,0.03184713375796178
Support to Temporary Learning Centers (Type -1) and Transitional learning centers (Type-2),NP0328301,10,45,45,3433,1,0.013108068744538305,0.013108068744538305
Support to Temporary Learning Centers (Type -1) and Transitional learning centers (Type-2),NP0328403,4,0,0,2157,1,0,0
Support to Temporary Learning Centers (Type -1) and Transitional learning centers (Type-2),NP0330407,4,14,14,2401,0,0.0058309037900874635,0.0058309037900874635
Support to Temporary Learning Centers (Type -1) and Transitional learning centers (Type-2),NP0330408,7,127,127,2886,1,0.044005544005544,0.044005544005544
Support to Temporary Learning Centers (Type -1) and Transitional learning centers (Type-2),NP0330408,9,45,45,3438,1,0.013089005235602094,0.013089005235602094
Support to Temporary Learning Centers (Type -1) and Transitional learning centers (Type-2),NP0330410,6,27,27,2691,1,0.010033444816053512,0.010033444816053512
Temporary Toilets,NP0328301,1,32,32,2951,1,0.010843781768891902,0.010843781768891902
Temporary Toilets,NP0328301,2,871,700,5303,1,0.1642466528380162,0.1320007542900245
Temporary Toilets,NP0328301,5,191,191,6280,1,0.030414012738853503,0.030414012738853503
"Water stations in communities (large tank setups like 5000 ltrs, 10000 litres)",NP0328301,2,21,21,5303,1,0.003960022628700735,0.003960022628700735
"Water stations in communities (large tank setups like 5000 ltrs, 10000 litres)",NP0328301,4,1311,1311,7076,1,0.18527416619559073,0.18527416619559073
"Water stations in communities (large tank setups like 5000 ltrs, 10000 litres)",NP0328301,5,162,162,6280,1,0.025796178343949046,0.025796178343949046
"Water stations in communities (large tank setups like 5000 ltrs, 10000 litres)",NP0328301,6,1368,1368,3996,1,0.34234234234234234,0.34234234234234234
"Water stations in communities (large tank setups like 5000 ltrs, 10000 litres)",NP0330410,5,717,717,2988,NA,0.2399598393574297,0.2399598393574297
"Water storage supplies like HH buckets, tanks",NP0328301,1,218.5,218.5,2951,1,0.074042697390715,0.074042697390715
"Water storage supplies like HH buckets, tanks",NP0328301,3,60,60,4860,1,0.012345679012345678,0.012345679012345678
"Water storage supplies like HH buckets, tanks",NP0328301,4,61,61,7076,1,0.008620689655172414,0.008620689655172414
"Water storage supplies like HH buckets, tanks",NP0329403,5,415,415,2836,1,0.14633286318758815,0.14633286318758815
"Water storage supplies like HH buckets, tanks",NP0330409,5,245,245,3788,1,0.0646779303062302,0.0646779303062302
"Water storage supplies like HH buckets, tanks",NP0330409,6,66,66,4625,1,0.01427027027027027,0.01427027027027027
"Water storage supplies like HH buckets, tanks",NP0330410,2,3199,3199,2787,1,1.1478292070326517,1.1478292070326517
"Water storage supplies like HH buckets, tanks",NP0330410,4,2700,2700,3222,1,0.8379888268156425,0.8379888268156425
Water tankering,NP0328301,2,286,286,5303,1,0.05393173675278144,0.05393173675278144
Water tankering,NP0328301,5,190,190,6280,1,0.030254777070063694,0.030254777070063694
Water tankering,NP0330409,6,175,175,4625,1,0.03783783783783784,0.03783783783783784
