adm3_pcode,ward,population_density,sex_ratio,average_household_size,total_dependency_ratio,population_pc_rural,disability_prevlance_rate,agricultural_employment_pc_total,wealth_quintile_poorest_quintile_pc,house_quality_inadequate_least_adequate_pc,unimproved_sanitation_pc,unimproved_drinking_water_pc,population_total,impacted_buildings,cluster
NP0329402,1,12.7806800185162,103.44827586206895,2.918727915194346,51.84,100,3.75,81.34,79.51,48.050000000000004,0.7067137809187279,51.590106007067135,822,117,C
NP0329402,2,3.51373852918496,114.00778210116732,3.374233128834356,26.15,100,1.45,8.01,3.07,1.84,1.2269938650306749,0.6134969325153374,558,571,A
NP0329402,3,9.37285126692812,99.2156862745098,3.0059171597633134,46.82,100,6.5,50.6,17.16,12.43,10.650887573964498,11.242603550295858,495,33,D
NP0329402,5,18.8742365411404,106.1718098415346,4.240137221269297,41.02,100,2.43,43.66,4.12,2.74,1.3722126929674099,7.890222984562607,2518,322,A
NP0329402,6,43.0259622112916,102.41935483870968,4.126027397260274,47.57,100,1.93,48.2,8.9,4.93,4.10958904109589,6.164383561643835,3099,0,A
NP0329401,1,83.941293114776,102.58152173913044,4.794212218649518,60.84,100,0.47,85.03,20.26,9,9.32475884244373,6.752411575562702,1455,10,C
NP0329401,2,80.8097565519678,113.01518438177874,4.091666666666667,66.72,100,5.4,77.02,20.83,2.5,4.583333333333333,0.8333333333333334,942,0,C
NP0329401,4,99.510060374965,105.71428571428572,3.6,57.66,100,1.39,70.61,21,2.33,2.666666666666667,21.333333333333336,1044,0,D
NP0329401,5,17.4326869154248,111.36363636363636,3.816414686825054,58.76,100,2.55,62.16,27,7.12,5.183585313174946,30.669546436285096,1704,47,C
NP0329403,1,15.1241196334682,98.5172981878089,4.112627986348123,63.72,100,1.49,80.84,70.65,14.33,32.76450511945392,9.897610921501707,1165,74,C
NP0329403,2,84.9353320871717,91.74174174174176,4.053968253968254,55.92,100,4.15,62.54,11.43,0.95,1.2698412698412698,11.746031746031745,1233,131,D
NP0329403,3,92.2053506773282,104.22018348623854,3.760135135135135,51.63,100,2.79,87.52,5.07,1.01,1.6891891891891893,4.054054054054054,1080,0,D
NP0329403,4,279.845494678836,99.02818270165209,3.886148007590133,47.66,100,2.93,68.83,3.04,1.14,1.7077798861480076,4.174573055028463,1986,45,D
NP0329403,5,669.112265871024,97.6917854718262,3.846763540290621,47.82,0,3.16,52.89,0.92,0.66,0.3963011889035667,4.359313077939234,2836,317,B
NP0329404,1,101.361338985253,100.70038910505836,4.200325732899023,61.39,100,2.06,72.56,34.2,0.16,0,0,2493,112,C
NP0330407,3,152.114381138844,95.717505634861,3.8196480938416424,56.36,100,2.03,83.87,32.7,6.6,0.43988269794721413,17.741935483870968,2337,0,D
NP0330407,4,151.760011516208,91.4450035945363,3.916176470588235,51.74,100,3.08,82.1,6.47,0.44,0.4411764705882353,1.6176470588235297,2401,0,D
NP0330407,6,158.913388051002,99.2656875834446,4.061224489795919,51.99,100,2.21,80.33,25.71,4.49,5.170068027210884,25.30612244897959,2700,118,D
NP0330407,7,268.537887990357,96.04007633587788,4.150505050505051,48.39,100,1.97,78.99,8.28,1.92,0.8080808080808081,14.84848484848485,3731,110,D
NP0330408,3,431.074471260937,109.88372093023256,3.947014297729184,51.29,100,2.26,36.61,7.65,2.1,3.532380151387721,14.634146341463413,4532,553,A
NP0330408,5,281.387204133172,99.81000633312225,4.118798955613577,46.47,100,0.89,55.35,5.61,1.04,1.3054830287206265,9.921671018276761,3049,30,A
NP0330408,7,313.044366446646,102.37771739130434,4.143254520166899,48.73,100,1.81,66.75,12.8,2.92,1.52990264255911,6.536856745479833,2886,224,A
NP0330408,8,103.668707575021,104.37342304457526,4.879518072289157,66.78,100,4.94,87.67,62.05,4.62,4.417670682730924,6.024096385542169,2322,3,C
NP0330408,9,187.290351764045,98.60801781737194,4.543949044585987,62.14,100,2.61,68.04,31.97,2.3,1.5286624203821657,6.624203821656051,3438,156,C
NP0330408,10,171.911633941455,101.7076218242399,4.75269872423945,59.83,100,2.6,73.08,44.36,5.3999999999999995,5.691854759568204,11.383709519136408,4652,71,C
NP0330409,1,552.337019592348,98.47129008202836,3.730203223545901,48.9,0,4.23,37.75,6.24,1.19,3.7140854940434482,6.377014716187807,5214,0,B
NP0330409,2,264.720339494581,102.93410293410294,4.0802707930367506,49.98,100,2.28,57.16,20.6,2.42,4.352030947775629,9.767891682785299,4076,95,A
NP0330409,5,220.731683900674,98.62385321100918,4.0806282722513085,49.2,100,2.28,65.72,13.19,2.51,1.5706806282722512,4.9214659685863875,3788,10,D
NP0330409,6,340.697020830213,99.6662494785148,4.246672582076309,55.24,100,1.67,63.66,16.77,5.41,5.767524401064774,14.81810115350488,4625,2,D
NP0330410,1,252.307420025663,90.3846153846154,4.054607508532423,53.82,100,2.02,80.03,18.54,7.62,3.6405005688282137,21.729237770193404,3372,26,D
NP0330410,2,201.379618766156,91.54388212684177,3.823529411764706,51.78,100,2.21,79.4,14.83,1.15,2.557544757033248,11.253196930946292,2787,3,D
NP0330410,4,200.168092190971,101.58636897767332,4.163834951456311,50.95,100,3,62.05,16.5,8.01,4.0048543689320395,19.296116504854368,3222,8,D
NP0330410,6,376.140179058094,102.35210263720596,3.915862068965517,42.88,0,1.2,36.28,6.9,2.34,2.344827586206897,7.862068965517241,2691,14,B
NP0330410,8,134.880311052165,95.69019362898187,3.8726823238566137,47.64,100,3.13,77.4,14.59,13.23,3.8318912237330034,51.9159456118665,2964,28,D
NP0328301,1,615.561873569779,92.59012016021362,4.3059701492537314,50.1,0,1.53,19.67,5.22,9.26,4.477611940298507,13.432835820895523,2951,502,B
NP0328301,2,615.824849741581,96.52042360060514,3.8065934065934064,47.53,0,1.58,31.13,2.27,2.05,1.2454212454212454,40.21978021978022,5303,9,B
NP0328301,3,383.486795749198,88.8235294117647,3.785377358490566,52.71,0,2.39,65.24,4.01,1.02,1.3364779874213837,25.78616352201258,4860,229,B
NP0328301,4,3579.30620133428,99.79639325189063,3.965935334872979,42.93,0,1.09,16.32,0.69,0.69,1.0392609699769053,14.087759815242496,7076,298,B
NP0328301,5,820.551468103111,94.5825366475462,4.249130132219903,44.52,0,1.18,51.3,1.81,0.35,0.6263048016701461,4.244954766875435,6280,382,B
NP0328301,6,654.647361171139,92.48157248157248,4.1405919661733614,48.15,0,2.22,53.58,2.11,0.95,1.2684989429175475,11.522198731501057,3996,236,B
NP0328301,7,299.082195689622,93.88541165142033,3.8098391674550616,48.21,100,2.38,66.37,6.81,0.95,0.6622516556291391,5.392620624408704,4032,400,A
NP0328301,8,481.470651916574,90.82706766917292,3.924742268041237,48.31,0,1.94,52.96,4.54,0.9199999999999999,1.134020618556701,5.979381443298969,3873,132,B
NP0328301,9,1190.71643820248,87.52237279468167,3.853914871255912,49.58,0,2.15,37.83,0.79,0.37,0.6831318970047293,4.308985811875985,7591,261,B
NP0328301,10,249.750562362134,91.53020892151326,3.903337169159954,48.51,100,1.62,36.21,3.8,0.35,1.726121979286536,8.63060989643268,3433,505,A
NP0328301,12,241.896256422969,92.39013933547696,3.782929399367755,51.67,0,1.56,79.83,5.58,0.32,0.8429926238145415,4.531085353003162,3603,72,B
NP0328402,5,329.882183264893,96.57573998839234,3.7016393442622952,55.87,0,2.78,68.37,4.26,0.77,1.4207650273224044,3.060109289617486,3095,696,B
NP0328403,2,286.886795774418,90.6412478336222,3.735144312393888,64.3,0,2.91,81.11,7.98,0.8500000000000001,0.8488964346349746,3.0560271646859083,2020,4,B
NP0328403,4,138.250237514731,86.51863600317209,3.4741506646971936,59.24,100,1.74,81.16,12.26,0.44,1.03397341211226,4.579025110782865,2157,39,D
NP0328302,5,330.574663510337,94.257788637752,3.8498789346246975,51.86,0,5.97,73.83,13.08,2.18,1.2106537530266344,11.380145278450362,3160,38,B
NP0328302,7,394.939013321266,98.99343544857769,4.171559633027523,50.26,0,1.72,72.1,6.79,0.82,0.45871559633027525,16.14678899082569,4530,90,B
NP0328302,8,251.030031202207,93.63143631436314,3.831099195710456,47.09,100,2.52,75.37,5.5,1.21,1.0723860589812333,4.289544235924933,2817,84,D
NP0335401,3,156.585493166574,97.628927089508,4.0559610705596105,51.55,100,2.55,61.87,14.96,2.92,3.1630170316301705,7.907542579075426,2678,80,D
NP0335401,4,392.881859971113,105.94421582075904,3.996450754214729,47.43,100,1.02,41.68,3.73,0.44,1.1535048802129548,1.064773735581189,3630,17,A
NP0335401,5,286.4736125761,104.67645459488853,4.168327796234773,44.1,100,1.86,33.67,12.18,3.9899999999999998,2.6578073089700998,13.067552602436322,3041,3,A
NP0335401,6,101.619207891775,100.9422110552764,4.7675111773472425,64.9,100,6.38,72.08,62.74,10.430000000000001,10.581222056631892,4.321907600596125,2575,0,C
NP0436408,2,388.074097687436,91.12554112554112,3.9244444444444446,45.47,100,1.74,64.17,6.96,1.19,0.4444444444444444,28.14814814814815,2330,0,D
NP0436408,3,141.828707026755,95.74347332576616,3.987283236994219,48.47,100,2.09,57.35,7.05,2.5500000000000003,3.005780346820809,9.248554913294797,2996,3,D
NP0436408,4,213.483702578952,84.72418670438473,3.534506089309878,57.07,100,2.26,71.15,11.64,0.68,1.0825439783491204,2.841677943166441,2310,12,D
NP0436408,5,137.349848431802,87.51269035532995,3.5656370656370657,56.92,100,7.36,86.09,13.9,0,0.3861003861003861,0.9652509652509652,1622,0,D
NP0436408,6,150.692761301368,86.05341246290801,3.262226847034339,53.68,100,3.41,81.04,24.77,2.29,1.040582726326743,19.042663891779394,2746,0,D
NP0436409,1,213.471889692014,99.22680412371136,3.740322580645161,56.27,100,2.85,75.29,19.35,3.07,1.935483870967742,59.193548387096776,2038,84,D
NP0436409,2,156.34379971549,90.84249084249085,3.8355828220858896,54.68,100,3.2,74.43,14.23,1.23,0.6134969325153374,10.061349693251534,2742,0,D
NP0436409,6,166.532232166719,95.78082191780824,4.48306148055207,47.71,100,1.9,82.75,25.22,0.63,0,7.65370138017566,3195,80,D
NP0436409,7,150.478158709953,101.22038765254844,4.158753709198813,43.89,100,3.96,74.93,10.39,0,0.5934718100890208,2.225519287833828,2479,0,D
NP0436409,8,211.777385330337,92.11448598130842,3.8558030480656504,49.7,100,2.55,79.17,5.16,2.11,1.406799531066823,4.103165298944901,2937,84,D
NP0440406,4,51.7490465932186,95.16778523489933,3.940379403794038,49.9,100,4.61,82.3,60.98,21.41,3.523035230352303,15.989159891598916,1370,0,C
NP0440406,5,250.394718427303,90.78133783024172,3.6612729234088457,52.1,100,3.31,46.48,5.66,1.78,2.481121898597627,7.119741100323624,6347,0,D
NP0440405,4,80.1264693938093,96.31284916201118,3.7067510548523206,50.3,100,8.08,73.38,23.63,1.05,3.5864978902953584,1.6877637130801686,1640,0,D
NP0440405,5,57.969365378645,98.68421052631578,4.265536723163842,57.13,100,3.44,73.64,61.02,18.36,2.5423728813559325,2.5423728813559325,1402,0,C
